{
  "MAE": 4.56327486038208,
  "MSE": 57.60472869873047,
  "RMSE": 7.589777946472168,
  "MAPE": 11.049323081970215,
  "Coverage_%": 92.98701298701299,
  "Mean_Interval_Width": 24.538530349731445,
  "Total_Points": 1540,
  "Anomaly_Rate_%": 7.012987012987012,
  "Precision": 0.009259259259259259,
  "Recall": 0.01282051282051282,
  "F1_Score": 0.010752688172043012,
  "Accuracy": 0.8805194805194805,
  "True_Positives": 1.0,
  "False_Positives": 107.0,
  "True_Negatives": 1355.0,
  "False_Negatives": 77.0
}