{
  "101-401_linear": {
    "mean": 50.09904098510742,
    "std": 1.0089161396026611
  },
  "102-402_linear": {
    "mean": 48.20051193237305,
    "std": 1.0861653089523315
  },
  "401-101_sinus": {
    "mean": 34.92731475830078,
    "std": 14.057964324951172
  },
  "402-102_sinus": {
    "mean": 40.917789459228516,
    "std": 17.17870330810547
  },
  "201-301_linear": {
    "mean": 5.504928112030029,
    "std": 0.8617566227912903
  }
}