{
  "101-401_linear": {
    "min": 46.78917694091797,
    "max": 53.8443489074707,
    "range": 7.055171966552734
  },
  "102-402_linear": {
    "min": 44.522274017333984,
    "max": 52.159568786621094,
    "range": 7.637294769287109
  },
  "401-101_sinus": {
    "min": 11.802108764648438,
    "max": 83.32038879394531,
    "range": 71.51828002929688
  },
  "402-102_sinus": {
    "min": 12.768600463867188,
    "max": 83.1050033569336,
    "range": 70.3364028930664
  },
  "201-301_linear": {
    "min": 2.3967857360839844,
    "max": 8.22671127319336,
    "range": 5.829925537109375
  }
}