{
  "MAE": 2.6882002353668213,
  "MSE": 26.996864318847656,
  "RMSE": 5.195850849151611,
  "MAPE": 2.861313819885254,
  "Coverage_%": 86.2135922330097,
  "Mean_Interval_Width": 9.900494575500488,
  "Total_Points": 515,
  "Anomaly_Rate_%": 13.78640776699029,
  "Precision": 0.971830985915493,
  "Recall": 0.575,
  "F1_Score": 0.7225130890052356,
  "Accuracy": 0.8970873786407767,
  "True_Positives": 69.0,
  "False_Positives": 2.0,
  "True_Negatives": 393.0,
  "False_Negatives": 51.0
}